iso3,country,who_region,profile_url,source_sha256,profile_available,profile_reference_year,who_estimated_road_traffic_fatalities,who_estimated_rate_per_100k,national_speed_limit_law,max_urban_speed_kph,max_rural_speed_kph,max_motorway_speed_kph,national_drink_driving_law,national_seat_belt_law,national_child_restraint_law,national_motorcycle_helmet_law,retrieved_at,context_only
AFG,Afghanistan,Eastern Mediterranean,https://cdn.who.int/media/docs/default-source/country-profiles/road-safety/road-safety-2023-afg.pdf?download=true,267c0fa9c47e87e11eeee2a1d4a74b1fdde89cd7b56ea6fd8d32a4b140918577,true,2023,9 684,24.1,Yes,90 km/h,90 km/h,90 km/h,Yes,No,No,No,2026-09-28,true
ALB,Albania,Europe,https://cdn.who.int/media/docs/default-source/country-profiles/road-safety/road-safety-2023-alb.pdf?download=true,7fcf11a898df489e7c632101c94cbd9897711d581ac07f524468d7f291b63cc8,true,2023,309,10.8,Yes,40 km/h,80 km/h,110 km/h,Yes,Yes,Yes,Yes,2026-09-28,true
ARE,United Arab Emirates,Eastern Mediterranean,https://cdn.who.int/media/docs/default-source/country-profiles/road-safety/road-safety-2023-are.pdf?download=true,36a853fb93880f7b7e93738c2dc7a19b36f10cf52a38eabf3cb0f96b6c221266,true,2023,557,5.9,Yes,,,,Yes,Yes,Yes,Yes,2026-09-28,true
ARG,Argentina,Americas,https://cdn.who.int/media/docs/default-source/country-profiles/road-safety/road-safety-2023-arg.pdf?download=true,8ee635fb148ec7ed836e7130a7891e533676145a641b7d5f808a380d8895268f,true,2023,3 983,8.8,Yes,60 km/h,110 km/h,130 km/h,Yes,Yes,Yes,Yes,2026-09-28,true
ARM,Armenia,Europe,https://cdn.who.int/media/docs/default-source/country-profiles/road-safety/road-safety-2023-arm.pdf?download=true,3d67919d1ce76e025623fcaee75a7689b92dd666ad54dac9772bc37f99733a90,true,2023,379,13.6,Yes,90 km/h,90 km/h,110 km/h,Yes,Yes,No,Yes,2026-09-28,true
ATG,Antigua and Barbuda,Americas,https://cdn.who.int/media/docs/default-source/country-profiles/road-safety/road-safety-2023-atg.pdf?download=true,674356e10c59756403b908d43b172eee1aaf7abb94f4301a2e8c4c2acd94b36a,true,2023,7,7.5,Yes,32 km/h,64 km/h,,Yes,No,No,No,2026-09-28,true
AUS,Australia,Western Pacific,https://cdn.who.int/media/docs/default-source/country-profiles/road-safety/road-safety-2023-aus.pdf?download=true,7dfd08ea0b489b5c978140c57ee172d619e02ae7a1dd586ec29a28143d74833c,true,2023,1 163,4.5,Yes,50 km/h,130 km/h,130 km/h,Yes,Yes,Yes,Yes,2026-09-28,true
AUT,Austria,Europe,https://cdn.who.int/media/docs/default-source/country-profiles/road-safety/road-safety-2023-aut.pdf?download=true,519fc72e8064eeac7ee9e4fabe7a3f697705dc6ba8da725c8fe0091560402f4a,true,2023,409,4.6,Yes,50 km/h,100 km/h,130 km/h,Yes,Yes,Yes,Yes,2026-09-28,true
AZE,Azerbaijan,Europe,https://cdn.who.int/media/docs/default-source/country-profiles/road-safety/road-safety-2023-aze.pdf?download=true,1bb0c0ee26d1444207d71d0dcec3f0443f06ecb4ce8018f56e6ef726dc114d66,true,2023,1 769,17.2,Yes,60 km/h,90 km/h,110 km/h,Yes,Yes,No,Yes,2026-09-28,true
BDI,Burundi,Africa,https://cdn.who.int/media/docs/default-source/country-profiles/road-safety/road-safety-2023-bdi.pdf?download=true,c06b8d1e736333d165f242be12cc1bf437ba84149e85a3e3110702d7c573c5e4,true,2023,1 546,12.3,Yes,50 km/h,100 km/h,100 km/h,Yes,Yes,No,Yes,2026-09-28,true
BEL,Belgium,Europe,https://cdn.who.int/media/docs/default-source/country-profiles/road-safety/road-safety-2023-bel.pdf?download=true,c08d8198aae6c25c498ccb7fdfba6a9fd1e9d3ddc936245dac389d256b7e87f3,true,2023,532,4.6,Yes,50 km/h,90 km/h,120 km/h,Yes,Yes,Yes,Yes,2026-09-28,true
BEN,Benin,Africa,https://cdn.who.int/media/docs/default-source/country-profiles/road-safety/road-safety-2023-ben.pdf?download=true,e70c89a841c78b9f4f07afff9858fc2af898135369b47a74a3e284992497d22e,true,2023,3 225,24.8,No,,,,Yes,No,No,Yes,2026-09-28,true
BFA,Burkina Faso,Africa,https://cdn.who.int/media/docs/default-source/country-profiles/road-safety/road-safety-2023-bfa.pdf?download=true,2f2a3d58364ea1aa182278aa490eff87f3dcbcaca834c46402713993032d2261,true,2023,6 137,27.8,Yes,50 km/h,90 km/h,,Yes,Yes,Yes,Yes,2026-09-28,true
BGD,Bangladesh,South-East Asia,https://cdn.who.int/media/docs/default-source/country-profiles/road-safety/road-safety-2023-bgd.pdf?download=true,62c11636c1089703480f8479c9ca3ce6f008a8d92a78c02e7387b15d6ae142a2,true,2023,31 578,18.6,Yes,No,No,No,Yes,Yes,No,Yes,2026-09-28,true
BGR,Bulgaria,Europe,https://cdn.who.int/media/docs/default-source/country-profiles/road-safety/road-safety-2023-bgr.pdf?download=true,ee49869ace858ba4d326ac107b13de684515e4d4eb6d4dcf69d5b941bc68fa52,true,2023,578,8.4,Yes,50 km/h,90 km/h,140 km/h,Yes,Yes,Yes,Yes,2026-09-28,true
BHR,Bahrain,Eastern Mediterranean,https://cdn.who.int/media/docs/default-source/country-profiles/road-safety/road-safety-2023-bhr.pdf?download=true,62819d167b411fd22e54972909f40903ec8059e323fb1cc8854c54349048bd36,true,2023,118,8.1,Yes,60 km/h N/A,60 km/h N/A,100 km/h N/A,Yes,Yes,Yes,Yes,2026-09-28,true
BHS,Bahamas,Americas,https://cdn.who.int/media/docs/default-source/country-profiles/road-safety/road-safety-2023-bhs.pdf?download=true,ba0d450f578fba3af025b1f6e3f4c421dd2d29f4da7fc6a47e0d5ade84c592ce,true,2023,66,16.2,Yes,40 km/h N/A,48 km/h N/A,72 km/h N/A,Yes,Yes,Yes,Yes,2026-09-28,true
BIH,Bosnia and Herzegovina,Europe,https://cdn.who.int/media/docs/default-source/country-profiles/road-safety/road-safety-2023-bih.pdf?download=true,5faee48cf9fe6baef89b0bd13bf51912c4e67efaae7a30dd35bf472fc7bf0edc,true,2023,447,13.7,Yes,50 km/h,80 km/h,130 km/h,Yes,Yes,Yes,Yes,2026-09-28,true
BLR,Belarus,Europe,https://cdn.who.int/media/docs/default-source/country-profiles/road-safety/road-safety-2023-blr.pdf?download=true,8d258b4333daf21ec13c8e7e59f52b7c69925750ed0fda9eeadc39f2132bc945,true,2023,706,7.4,Yes,60 km/h,60 km/h,110 km/h,Yes,Yes,Yes,Yes,2026-09-28,true
BLZ,Belize,Americas,https://cdn.who.int/media/docs/default-source/country-profiles/road-safety/road-safety-2023-blz.pdf?download=true,3f98b7fbfdf03e27ee60f74b7eebf98cf57135aec18956da7390130c21875522,true,2023,70,17.5,Yes,40 km/h,88 km/h,88 km/h,Yes,Yes,No,Yes,2026-09-28,true
BOL,Bolivia (Plurinational State of),Americas,https://cdn.who.int/media/docs/default-source/country-profiles/road-safety/road-safety-2023-bol.pdf?download=true,176b6c76520674ea622bf8d03280db855cf71fda3f8c00e615a5fae9faea3ed7,true,2023,2 127,17.6,Yes,40 km/h,80 km/h,80 km/h,Yes,Yes,No,Yes,2026-09-28,true
BRA,Brazil,Americas,https://cdn.who.int/media/docs/default-source/country-profiles/road-safety/road-safety-2023-bra.pdf?download=true,c4eafcbe8460ce96a8d90e6c0836dc2a7f5353236875794b1e75622726deb315,true,2023,33 586,15.7,Yes,80 km/h,100 km/h,110 km/h,Yes,Yes,Yes,Yes,2026-09-28,true
BRB,Barbados,Americas,https://cdn.who.int/media/docs/default-source/country-profiles/road-safety/road-safety-2023-brb.pdf?download=true,e73aacb7abab5a036ff8797617aa91299fb5e991afd548742719315528de1c2c,true,2023,28,10.0,Yes,80 km/h,80 km/h,80 km/h,Yes,Yes,Yes,Yes,2026-09-28,true
BTN,Bhutan,South-East Asia,https://cdn.who.int/media/docs/default-source/country-profiles/road-safety/road-safety-2023-btn.pdf?download=true,582ccb3d10a8c64d1b3619097d29d2baf5bdf7aa30cc6ab6002c61a183670322,true,2023,95,12.2,Yes,30 km/h,50 km/h,50 km/h,Yes,Yes,No,Yes,2026-09-28,true
BWA,Botswana,Africa,https://cdn.who.int/media/docs/default-source/country-profiles/road-safety/road-safety-2023-bwa.pdf?download=true,83d0b6c7776b54c1466040a3d35e851fbf5e9792bcbfb23ecdfc76b2d2f60413,true,2023,426,16.5,Yes,60 km/h,80 km/h,120 km/h,Yes,Yes,Yes,Yes,2026-09-28,true
CAF,Central African Republic,Africa,https://cdn.who.int/media/docs/default-source/country-profiles/road-safety/road-safety-2023-caf.pdf?download=true,ae55e83666775f7a50fc54f1cd6f5b78b16502dd7377145ef6c22410d79e9559,true,2023,1 412,25.9,Yes,60 km/h,110 km/h,,Yes,Yes,No,Yes,2026-09-28,true
CAN,Canada,Americas,https://cdn.who.int/media/docs/default-source/country-profiles/road-safety/road-safety-2023-can.pdf?download=true,c64448e62259063632e87eed76ad0f46fb56c405e78e468e5734cdaa1fa8e76f,true,2023,1 805,4.7,Yes,50 km/h,100 km/h,100 km/h,Yes,Yes,Yes,Yes,2026-09-28,true
CHE,Switzerland,Europe,https://cdn.who.int/media/docs/default-source/country-profiles/road-safety/road-safety-2023-che.pdf?download=true,9f19648bf5054f8458d0c9a0fca1b608639d9aa825be5ed2197ff4648520cc7f,true,2023,206,2.4,Yes,50 km/h,80 km/h,120 km/h,Yes,Yes,Yes,Yes,2026-09-28,true
CHL,Chile,Americas,https://cdn.who.int/media/docs/default-source/country-profiles/road-safety/road-safety-2023-chl.pdf?download=true,dd75dcf2756563661b0be2a96a7a13de3235a23ca09fb237d2bf588b8614c67b,true,2023,2 009,10.3,Yes,50 km/h,100 km/h,120 km/h,Yes,Yes,Yes,Yes,2026-09-28,true
CHN,China,Western Pacific,https://cdn.who.int/media/docs/default-source/country-profiles/road-safety/road-safety-2023-chn.pdf?download=true,038de6d7fd64d266e3bda6eb74acc578683dae4c5ace2542fb7807c4feb3a2f0,true,2023,248 099,17.4,Yes,50 km/h,70 km/h,120 km/h,Yes,Yes,Yes,Yes,2026-09-28,true
CIV,Cote d'Ivoire,Africa,https://cdn.who.int/media/docs/default-source/country-profiles/road-safety/road-safety-2023-civ.pdf?download=true,ac78f43110fbad507fa78dd9e611fccf84e9c37746f6c4eb492049f59b601935,true,2023,5 670,20.6,Yes,60 km/h,110 km/h,120 km/h,Yes,Yes,No,Yes,2026-09-28,true
CMR,Cameroon,Africa,https://cdn.who.int/media/docs/default-source/country-profiles/road-safety/road-safety-2023-cmr.pdf?download=true,ff5caafd3fc7fe9a549d94e373c656e1146019b031f20e6c94d055b1c16db1e7,true,2023,2 870,10.6,Yes,60 km/h,110 km/h,,Yes,Yes,No,Yes,2026-09-28,true
COD,Democratic Republic of the Congo,Africa,https://cdn.who.int/media/docs/default-source/country-profiles/road-safety/road-safety-2023-cod.pdf?download=true,f06137b9b2aa440aae0c11f2801b4b865e3696cf9ef214269f81589fc8704f17,true,2023,15 615,16.3,Yes,60 km/h,90 km/h,120 km/h,Yes,Yes,No,Yes,2026-09-28,true
COG,Congo,Africa,https://cdn.who.int/media/docs/default-source/country-profiles/road-safety/road-safety-2023-cog.pdf?download=true,21fd5ed43175999e0f30d78f87cb3777807255c2c0765b44aae53ffe2203bd6d,true,2023,488,8.4,Yes,60 km/h,110 km/h,,Yes,Yes,No,Yes,2026-09-28,true
COK,Cook Islands,Western Pacific,https://cdn.who.int/media/docs/default-source/country-profiles/road-safety/road-safety-2023-cok.pdf?download=true,bc6aa67afa35a24016826d4ad5b3270571f7285a828539d027c981af4692e8e9,true,2023,3,17.6,Yes,50 km/h,50 km/h,50 km/h,Yes,No,No,Yes,2026-09-28,true
COL,Colombia,Americas,https://cdn.who.int/media/docs/default-source/country-profiles/road-safety/road-safety-2023-col.pdf?download=true,22dea9e94aff21963b37a5e033f06d04970cbc8cba8bc3ecee95a7e1dedcb461,true,2023,8 341,16.2,Yes,50 km/h,90 km/h,120 km/h,Yes,Yes,No,Yes,2026-09-28,true
COM,Comoros,Africa,https://cdn.who.int/media/docs/default-source/country-profiles/road-safety/road-safety-2023-com.pdf?download=true,fa4273199e3e9f331ad129221d9586d819f296fdbe066d0e198a2cdf38bc83c7,true,2023,238,29.0,Yes,,,,Yes,Yes,Yes,Yes,2026-09-28,true
CPV,Cabo Verde,Africa,https://cdn.who.int/media/docs/default-source/country-profiles/road-safety/road-safety-2023-cpv.pdf?download=true,8b51f21243f71eeaf2207b1a0c23fc6e75b3a543f683756255877895c3383037,true,2023,97,16.5,Yes,50 km/h,90 km/h,120 km/h,Yes,Yes,No,Yes,2026-09-28,true
CRI,Costa Rica,Americas,https://cdn.who.int/media/docs/default-source/country-profiles/road-safety/road-safety-2023-cri.pdf?download=true,a43dbd9e051e47f4b9c69e37b131553cc9070127f0f8f4ab1ef4bca33a08b6c7,true,2023,798,15.5,Yes,50 km/h,60 km/h,,Yes,Yes,Yes,Yes,2026-09-28,true
CUB,Cuba,Americas,https://cdn.who.int/media/docs/default-source/country-profiles/road-safety/road-safety-2023-cub.pdf?download=true,1cfc2ec1be46c3d3ad7b9b6503f396a8081b3a1c9046f992a1418924374f3b8a,true,2023,613,5.4,Yes,50 km/h,90 km/h,100 km/h,Yes,Yes,No,Yes,2026-09-28,true
CYP,Cyprus,Europe,https://cdn.who.int/media/docs/default-source/country-profiles/road-safety/road-safety-2023-cyp.pdf?download=true,82ca055d09388a0e492a4b7ea8dd8f52df5903111a2af6f3ae82996262af42c4,true,2023,49,3.9,Yes,65 km/h,,100 km/h,Yes,Yes,Yes,Yes,2026-09-28,true
CZE,Czechia,Europe,https://cdn.who.int/media/docs/default-source/country-profiles/road-safety/road-safety-2023-cze.pdf?download=true,ace74c41fdcd7c9d4bd8a8a22094b91128015336cd7f1955e2aed4992adb8351,true,2023,548,5.2,Yes,50 km/h,90 km/h,130 km/h,Yes,Yes,Yes,Yes,2026-09-28,true
DEU,Germany,Europe,https://cdn.who.int/media/docs/default-source/country-profiles/road-safety/road-safety-2023-deu.pdf?download=true,2b8a6f415a360ae7d0590fd66321a22af08208dc2b39c197d6ed6f96b5cd81c6,true,2023,2 778,3.3,Yes,50 km/h,100 km/h,,Yes,Yes,Yes,Yes,2026-09-28,true
DMA,Dominica,Americas,https://cdn.who.int/media/docs/default-source/country-profiles/road-safety/road-safety-2023-dma.pdf?download=true,2fc5a704b3efc3e65afeacf15f85aefc42d2f7c60bac70bf7779a94c07d6b1bb,true,2023,8,11.0,No,,,,Yes,Yes,No,No,2026-09-28,true
DNK,Denmark,Europe,https://cdn.who.int/media/docs/default-source/country-profiles/road-safety/road-safety-2023-dnk.pdf?download=true,8c0015cbe2d8800c9393af5aab9807fe9405ba5f47ca69958b65af5b9619c3b1,true,2023,134,2.3,Yes,50 km/h,80 km/h,130 km/h,Yes,Yes,Yes,Yes,2026-09-28,true
DOM,Dominican Republic,Americas,https://cdn.who.int/media/docs/default-source/country-profiles/road-safety/road-safety-2023-dom.pdf?download=true,57ab730d8c6402f21bd18aa16b7ba630e37ba6cc8d4c00fbb182875be4755d2c,true,2023,3 048,27.4,Yes,60 km/h,60 km/h,120 km/h,Yes,Yes,Yes,Yes,2026-09-28,true
DZA,Algeria,Africa,https://cdn.who.int/media/docs/default-source/country-profiles/road-safety/road-safety-2023-dza.pdf?download=true,62b4241c306d1687e6e24b9d1f98f63e929c9e7fb1d1625b30db19ba27ddf1b8,true,2023,8 106,18.3,Yes,50 km/h,100 km/h,120 km/h,Yes,Yes,No,Yes,2026-09-28,true
ECU,Ecuador,Americas,https://cdn.who.int/media/docs/default-source/country-profiles/road-safety/road-safety-2023-ecu.pdf?download=true,dc15125bdd39b187607bed1f1635726be9c4c3d2d697528924f00045e13b9b92,true,2023,4 173,23.4,Yes,60 km/h,120 km/h,135 km/h,Yes,Yes,Yes,Yes,2026-09-28,true
EGY,Egypt,Eastern Mediterranean,https://cdn.who.int/media/docs/default-source/country-profiles/road-safety/road-safety-2023-egy.pdf?download=true,3b96164471adfa1dee8c3088a2a9eff59cfe3dc3eaa034234c981391234fbd89,true,2023,10 263,9.4,Yes,60 km/h,90 km/h,100 km/h,Yes,Yes,No,Yes,2026-09-28,true
ERI,Eritrea,Africa,https://cdn.who.int/media/docs/default-source/country-profiles/road-safety/road-safety-2023-eri.pdf?download=true,3ae0af5c03fb10affa60d70f21b5c4ad0914ffefb1ad9573c412b31ffcbc1711,true,2023,640,17.7,Yes,60 km/h,100 km/h,,Yes,Yes,No,Yes,2026-09-28,true
ESP,Spain,Europe,https://cdn.who.int/media/docs/default-source/country-profiles/road-safety/road-safety-2023-esp.pdf?download=true,3b2136f59a594ae943886aed9ab3b7e73758660e72fefe601279f0e8ea1477d1,true,2023,1 653,3.5,Yes,50 km/h,90 km/h,120 km/h,Yes,Yes,Yes,Yes,2026-09-28,true
EST,Estonia,Europe,https://cdn.who.int/media/docs/default-source/country-profiles/road-safety/road-safety-2023-est.pdf?download=true,e0315d8160526c3fadb4f0daa1278ab79435ce473334205453dc1e9afc92a0af,true,2023,59,4.4,Yes,50 km/h,90 km/h,,Yes,Yes,Yes,Yes,2026-09-28,true
ETH,Ethiopia,Africa,https://cdn.who.int/media/docs/default-source/country-profiles/road-safety/road-safety-2023-eth.pdf?download=true,935291e6787eaea356d43952ed5e9303c85fe7aeb6565150dd8192f993c42b82,true,2023,21 258,17.7,Yes,60 km/h,60 km/h,120 km/h N/A,Yes,Yes,No,Yes,2026-09-28,true
FIN,Finland,Europe,https://cdn.who.int/media/docs/default-source/country-profiles/road-safety/road-safety-2023-fin.pdf?download=true,653ee1506dd3427ec877585941537e9f056098b881601602d5922477ba1803f2,true,2023,232,4.2,Yes,50 km/h,80 km/h,120 km/h,Yes,Yes,Yes,Yes,2026-09-28,true
FRA,France,Europe,https://cdn.who.int/media/docs/default-source/country-profiles/road-safety/road-safety-2023-fra.pdf?download=true,330abc3cc59120fd503e32754e42d27e85f44aa21cb6bbf9e98a92278c44ff2f,true,2023,3 035,4.7,Yes,50 km/h,80 km/h,130 km/h,Yes,Yes,Yes,Yes,2026-09-28,true
GAB,Gabon,Africa,https://cdn.who.int/media/docs/default-source/country-profiles/road-safety/road-safety-2023-gab.pdf?download=true,a3cfdb8281c02096dd0824bf4ecfe6a311039cb27a6b391bc278ced933f6f45a,true,2023,293,12.5,Yes,60 km/h,110 km/h,,Yes,Yes,No,Yes,2026-09-28,true
GBR,United Kingdom of Great Britain and Northern Ireland,Europe,https://cdn.who.int/media/docs/default-source/country-profiles/road-safety/road-safety-2023-gbr.pdf?download=true,c02cbf863cc52de0baf258f9ced8b9c06f264b6a8dfd52bea7ed701a419aa7f3,true,2023,1 606,2.4,Yes,48 km/h,96 km/h,112 km/h,Yes,Yes,Yes,Yes,2026-09-28,true
GEO,Georgia,Europe,https://cdn.who.int/media/docs/default-source/country-profiles/road-safety/road-safety-2023-geo.pdf?download=true,baa78d05199f17cc0da26faa3f52acdd103f47d2a5235f14fbe60e2d75c48466,true,2023,476,12.7,Yes,60 km/h,90 km/h,110 km/h,Yes,Yes,Yes,Yes,2026-09-28,true
GHA,Ghana,Africa,https://cdn.who.int/media/docs/default-source/country-profiles/road-safety/road-safety-2023-gha.pdf?download=true,95aeb6e28b6a11a273c2028f328771d59395bd8b5a1c0637638300924f77bcfb,true,2023,8 494,25.9,Yes,50 km/h,90 km/h,100 km/h,Yes,Yes,No,Yes,2026-09-28,true
GIN,Guinea,Africa,https://cdn.who.int/media/docs/default-source/country-profiles/road-safety/road-safety-2023-gin.pdf?download=true,39a95d1fcbeccbe4fc36db31a23e422a3a58f5752d0bbb5f2d2bf308de84e9e3,true,2023,5 061,37.4,,,,,Yes,Yes,Yes,Yes,2026-09-28,true
GMB,Gambia,Africa,https://cdn.who.int/media/docs/default-source/country-profiles/road-safety/road-safety-2023-gmb.pdf?download=true,6de49420679626d81a68ef2b014ba2d12ca5f153fdd29bbe26c9ccd69901ccee,true,2023,582,22.0,Yes,,,,Yes,Yes,Yes,Yes,2026-09-28,true
GNB,Guinea-Bissau,Africa,https://cdn.who.int/media/docs/default-source/country-profiles/road-safety/road-safety-2023-gnb.pdf?download=true,79b467ae2d01bf1657866f87344b5bc8fa6fee5374d25533d71e97ac0b83158f,true,2023,629,30.5,Yes,50 km/h,80 km/h,100 km/h,Yes,Yes,Yes,Yes,2026-09-28,true
GRC,Greece,Europe,https://cdn.who.int/media/docs/default-source/country-profiles/road-safety/road-safety-2023-grc.pdf?download=true,c1a45de72c4bafddd24d2bfd14da64c6b9cff881d1c422e563b295822222938a,true,2023,762,7.3,Yes,50 km/h,90 km/h,130 km/h,Yes,Yes,Yes,Yes,2026-09-28,true
GTM,Guatemala,Americas,https://cdn.who.int/media/docs/default-source/country-profiles/road-safety/road-safety-2023-gtm.pdf?download=true,93d84daa83adbcf6d89e0c5ccfd43fe6fa8f4ae57353efc4e7a6db6836a75b08,true,2023,2 221,12.6,Yes,60 km/h,80 km/h,100 km/h,Yes,Yes,No,Yes,2026-09-28,true
GUY,Guyana,Americas,https://cdn.who.int/media/docs/default-source/country-profiles/road-safety/road-safety-2023-guy.pdf?download=true,29f94154c523222c731858d7f534de1b3baef3d695e849a43b30d8c5ae6cdf16,true,2023,122,15.2,Yes,64 km/h,64 km/h,,Yes,Yes,Yes,Yes,2026-09-28,true
HND,Honduras,Americas,https://cdn.who.int/media/docs/default-source/country-profiles/road-safety/road-safety-2023-hnd.pdf?download=true,afa7b821f231c95bc5223a07f49de7e01d2250e9868e93769d671b6c45f64952,true,2023,1 904,18.5,Yes,,,,Yes,Yes,No,Yes,2026-09-28,true
HRV,Croatia,Europe,https://cdn.who.int/media/docs/default-source/country-profiles/road-safety/road-safety-2023-hrv.pdf?download=true,1227770fa044827f5155800f2be64c65a9a4564e6c70ea35239d543d7f50a47f,true,2023,328,8.1,Yes,50 km/h,90 km/h,130 km/h,Yes,Yes,Yes,Yes,2026-09-28,true
HTI,Haiti,Americas,https://cdn.who.int/media/docs/default-source/country-profiles/road-safety/road-safety-2023-hti.pdf?download=true,b1b83378d892c18330a2d7cdd82ba952d3859c829965e666e8680a5e419ed7d0,true,2023,3 579,31.3,Yes N/A,50 km/h N/A,,,Yes,Yes,No,Yes,2026-09-28,true
HUN,Hungary,Europe,https://cdn.who.int/media/docs/default-source/country-profiles/road-safety/road-safety-2023-hun.pdf?download=true,9d09f6f57ee8350c95585704a13d61cf93104eee30ff5c7f02d3ba389d5829dd,true,2023,718,7.4,Yes,50 km/h,90 km/h,130 km/h,Yes,Yes,Yes,Yes,2026-09-28,true
IDN,Indonesia,Western Pacific,https://cdn.who.int/media/docs/default-source/country-profiles/road-safety/road-safety-2023-idn.pdf?download=true,35a98bb8ba2c469faf5becc26ecb568928bd01f8bc1fae70275a13d23a98c173,true,2023,31 063,11.3,Yes,50 km/h,80 km/h,100 km/h,Yes,Yes,No,Yes,2026-09-28,true
IND,India,South-East Asia,https://cdn.who.int/media/docs/default-source/country-profiles/road-safety/road-safety-2023-ind.pdf?download=true,6ff205c38001a5d800864b1b0b8fdc1026a4ba97ab252267bc336ef8ec0847fc,true,2023,216 618,15.4,Yes,70 km/h,70 km/h,120 km/h,Yes,Yes,Yes,Yes,2026-09-28,true
IRL,Ireland,Europe,https://cdn.who.int/media/docs/default-source/country-profiles/road-safety/road-safety-2023-irl.pdf?download=true,427b76cc533ffcddd2c04d4ba3822115098760bb6cda17847da004d091e56502,true,2023,141,2.8,Yes,50 km/h,100 km/h,120 km/h,Yes,Yes,Yes,Yes,2026-09-28,true
IRN,Iran (Islamic Republic of),Eastern Mediterranean,https://cdn.who.int/media/docs/default-source/country-profiles/road-safety/road-safety-2023-irn.pdf?download=true,bacb033b9a2c9c65238a83fee6ec835ecdee8dfeb6bc7f951a9e740153980cd0,true,2023,18 156,20.6,Yes,60 km/h,95 km/h,120 km/h,Yes,Yes,No,Yes,2026-09-28,true
IRQ,Iraq,Eastern Mediterranean,https://cdn.who.int/media/docs/default-source/country-profiles/road-safety/road-safety-2023-irq.pdf?download=true,bf870cd31866a2880d3d7eec41078aa0c53be357e90b372892c0de2463dfc982,true,2023,9 344,21.5,Yes,60 km/h,100 km/h,120 km/h,Yes,Yes,No,Yes,2026-09-28,true
ISL,Iceland,Europe,https://cdn.who.int/media/docs/default-source/country-profiles/road-safety/road-safety-2023-isl.pdf?download=true,2dfcd342923dc4ca664884e5652ca87293181113a3fd3fae07ffe6ed645dfed4,true,2023,9,2.4,Yes,50 km/h,90 km/h,110 km/h N/A,Yes,Yes,Yes,Yes,2026-09-28,true
ISR,Israel,Europe,https://cdn.who.int/media/docs/default-source/country-profiles/road-safety/road-safety-2023-isr.pdf?download=true,0417661ea1ec1a5fdc4a85a0cc35429e00d23fc4d39fb244c93d753faddc79d4,true,2023,375,4.2,Yes,50 km/h,80 km/h,110 km/h,Yes,Yes,Yes,Yes,2026-09-28,true
ITA,Italy,Europe,https://cdn.who.int/media/docs/default-source/country-profiles/road-safety/road-safety-2023-ita.pdf?download=true,0629329fcce015a296487f6a195e5f7477fbe4b2f31135cb4a8b9177931e7fe9,true,2023,2 964,5.0,Yes,50 km/h,110 km/h,150 km/h,Yes,Yes,Yes,Yes,2026-09-28,true
JAM,Jamaica,Americas,https://cdn.who.int/media/docs/default-source/country-profiles/road-safety/road-safety-2023-jam.pdf?download=true,42d1a6f6444983163ac8f3607a45f46e5f24e5ed57d0967e822b37e050fb801b,true,2023,502,17.8,Yes,80 km/h,80 km/h,80 km/h N/A,Yes,Yes,Yes,Yes,2026-09-28,true
JOR,Jordan,Eastern Mediterranean,https://cdn.who.int/media/docs/default-source/country-profiles/road-safety/road-safety-2023-jor.pdf?download=true,9ec07348bf84e1aa9d25691d43542d5741fe005cc00236a592c51739275cd02c,true,2023,1 514,13.6,Yes,90 km/h,120 km/h,120 km/h,Yes,Yes,No,Yes,2026-09-28,true
JPN,Japan,Western Pacific,https://cdn.who.int/media/docs/default-source/country-profiles/road-safety/road-safety-2023-jpn.pdf?download=true,5881ec06422fc1b8973df075e2c2bc3b761eb19aaef31e47828c3e4efbf72e88,true,2023,3 304,2.7,Yes,60 km/h,60 km/h,100 km/h,Yes,Yes,Yes,Yes,2026-09-28,true
KAZ,Kazakhstan,Europe,https://cdn.who.int/media/docs/default-source/country-profiles/road-safety/road-safety-2023-kaz.pdf?download=true,1388ea49fd675261322669421e7053b7c4e00954a44a2b01e209b1db35dc6376,true,2023,2 340,12.2,Yes,60 km/h,110 km/h,140 km/h,Yes,Yes,Yes,Yes,2026-09-28,true
KEN,Kenya,Africa,https://cdn.who.int/media/docs/default-source/country-profiles/road-safety/road-safety-2023-ken.pdf?download=true,d36bd43f72ca70435325cfe432a8e715ab5a8d91d6dabb01636af438712716a6,true,2023,14 926,28.2,Yes,50 km/h,100 km/h,110 km/h,Yes,Yes,No,Yes,2026-09-28,true
KGZ,Kyrgyzstan,Europe,https://cdn.who.int/media/docs/default-source/country-profiles/road-safety/road-safety-2023-kgz.pdf?download=true,33d3f8370c1c567749fca185b1349ca9f3b319bba80db70b50987dba4b92d2cf,true,2023,869,13.3,Yes,60 km/h,90 km/h,110 km/h,Yes,Yes,No,Yes,2026-09-28,true
KHM,Cambodia,Western Pacific,https://cdn.who.int/media/docs/default-source/country-profiles/road-safety/road-safety-2023-khm.pdf?download=true,b8f02cb0fdaf8ff0f108757649e397e43e05ce38b7e7b9e17ddd7aee39285511,true,2023,3 113,18.8,Yes,40 km/h,90 km/h,100 km/h,Yes,Yes,Yes,Yes,2026-09-28,true
KIR,Kiribati,Western Pacific,https://cdn.who.int/media/docs/default-source/country-profiles/road-safety/road-safety-2023-kir.pdf?download=true,9ed25ab61eda7bf5a558405c4068584d0733f8735ebd70d06e8a0c2829e51b91,true,2023,8,6.2,Yes,40 km/h,60 km/h,60 km/h,Yes,Yes,No,Yes,2026-09-28,true
KOR,Republic of Korea,Western Pacific,https://cdn.who.int/media/docs/default-source/country-profiles/road-safety/road-safety-2023-kor.pdf?download=true,628663b8e3d046977983580e6494b210f3c6a334f03bc38e25ed628f2b3a5940,true,2023,3 570,6.9,Yes,90 km/h,90 km/h,120 km/h,Yes,Yes,No,Yes,2026-09-28,true
KWT,Kuwait,Eastern Mediterranean,https://cdn.who.int/media/docs/default-source/country-profiles/road-safety/road-safety-2023-kwt.pdf?download=true,fc182a41ec50568291a8036a9e724d2a114f8d5f3abaaeca9f508aa3f94a7ca1,true,2023,389,9.2,Yes,45 km/h,80 km/h,80 km/h,Yes,Yes,No,Yes,2026-09-28,true
LAO,Lao People's Democratic Republic,Western Pacific,https://cdn.who.int/media/docs/default-source/country-profiles/road-safety/road-safety-2023-lao.pdf?download=true,a2aa8beb46a9d8a3080d1363f4dfd3ff10d51cc590094a4b645f7e02b503ceab,true,2023,1 217,16.4,Yes,40 km/h,90 km/h,,Yes,Yes,Yes,Yes,2026-09-28,true
LBN,Lebanon,Eastern Mediterranean,https://cdn.who.int/media/docs/default-source/country-profiles/road-safety/road-safety-2023-lbn.pdf?download=true,e4d3545264a434d5c40dda4af1c87100cc83a626d77440807509a8193e173003,true,2023,544,9.7,Yes,50 km/h,70 km/h,100 km/h,Yes,Yes,Yes,Yes,2026-09-28,true
LBR,Liberia,Africa,https://cdn.who.int/media/docs/default-source/country-profiles/road-safety/road-safety-2023-lbr.pdf?download=true,b0e06caef6a49fce115cdc06c5682dfb7422afc1c76e4b5bb7179d1597dbc95f,true,2023,794,15.3,Yes,40 km/h,56 km/h,72 km/h,Yes,No,No,No,2026-09-28,true
LBY,Libya,Eastern Mediterranean,https://cdn.who.int/media/docs/default-source/country-profiles/road-safety/road-safety-2023-lby.pdf?download=true,d4ba3f765a954163c29a3363a9572c0bfc4bbfee772879c312a7c95a5134377b,true,2023,2 287,34.0,Yes,50 km/h,85 km/h,100 km/h,Yes,Yes,No,Yes,2026-09-28,true
LCA,Saint Lucia,Americas,https://cdn.who.int/media/docs/default-source/country-profiles/road-safety/road-safety-2023-lca.pdf?download=true,5e72bed7c45f729f89d19d1353bab10588d42f95fc2ef13f261e98311aa5a26d,true,2023,16,8.9,Yes,,,,Yes,Yes,No,Yes,2026-09-28,true
LKA,Sri Lanka,South-East Asia,https://cdn.who.int/media/docs/default-source/country-profiles/road-safety/road-safety-2023-lka.pdf?download=true,1ea0796a9c2454613524f8490b5fc5b7244e073a24de0d1ca681ae8cd277cc6c,true,2023,2 513,11.5,Yes,50 km/h,70 km/h,100 km/h,Yes,Yes,Yes,Yes,2026-09-28,true
LSO,Lesotho,Africa,https://cdn.who.int/media/docs/default-source/country-profiles/road-safety/road-safety-2023-lso.pdf?download=true,828d28dde515bbfd6e0173b8a5348901e08f915c6077ec01e744eaa2bd1b424a,true,2023,492,21.6,Yes,50 km/h,80 km/h,,Yes,Yes,No,Yes,2026-09-28,true
LTU,Lithuania,Europe,https://cdn.who.int/media/docs/default-source/country-profiles/road-safety/road-safety-2023-ltu.pdf?download=true,4d85a296e7adb644837f5aa78dee77668ed9fbc8c30d065fb670fbdcb1222539,true,2023,175,6.3,Yes,50 km/h,90 km/h,130 km/h,Yes,Yes,Yes,Yes,2026-09-28,true
LUX,Luxembourg,Europe,https://cdn.who.int/media/docs/default-source/country-profiles/road-safety/road-safety-2023-lux.pdf?download=true,9a999edead49cc6701d783b19954deccb38be83ecee5eaccb040f9cbe3d36fc1,true,2023,25,3.9,Yes,50 km/h,90 km/h,130 km/h,Yes,Yes,Yes,Yes,2026-09-28,true
LVA,Latvia,Europe,https://cdn.who.int/media/docs/default-source/country-profiles/road-safety/road-safety-2023-lva.pdf?download=true,1893fc5faff50ab358ac1ef16d1b26d9c2ff90a533218692878763f1923d9c50,true,2023,183,9.8,Yes,50 km/h,90 km/h,,Yes,Yes,Yes,Yes,2026-09-28,true
MAR,Morocco,Eastern Mediterranean,https://cdn.who.int/media/docs/default-source/country-profiles/road-safety/road-safety-2023-mar.pdf?download=true,e4f2d4b61dbf91968530c750e10e1f394f4ac91cb1332c86f8f6ecd66e0950a0,true,2023,6 900,18.6,Yes,60 km/h,100 km/h,120 km/h,Yes,Yes,No,Yes,2026-09-28,true
MDA,Republic of Moldova,Europe,https://cdn.who.int/media/docs/default-source/country-profiles/road-safety/road-safety-2023-mda.pdf?download=true,4d35387f4accdc31f0df6e42ba91770705aa136a78f0bb6ff0d0446a32ca2b2a,true,2023,278,9.1,Yes,50 km/h,110 km/h,110 km/h,Yes,Yes,Yes,Yes,2026-09-28,true
MDG,Madagascar,Africa,https://cdn.who.int/media/docs/default-source/country-profiles/road-safety/road-safety-2023-mdg.pdf?download=true,a34ad78ae77c337acedb5f40a5f49cddeb561a35f05b334e092f1d8cf66c2bdc,true,2023,6 512,22.5,Yes,50 km/h,,,Yes,Yes,No,Yes,2026-09-28,true
MDV,Maldives,South-East Asia,https://cdn.who.int/media/docs/default-source/country-profiles/road-safety/road-safety-2023-mdv.pdf?download=true,dd88e43801ee2ab0ae8d293a5a42feac2470b9c34f4ba1f57c54810e441fadad,true,2023,7,1.3,Yes,30 km/h,30 km/h,,No,Yes,No,Yes,2026-09-28,true
MEX,Mexico,Americas,https://cdn.who.int/media/docs/default-source/country-profiles/road-safety/road-safety-2023-mex.pdf?download=true,0fdd37e31b712e49641266a8b13cc500d9cd4b670b0208b10aedeaf17c2fbd8b,true,2023,15 267,12.0,Yes,50 km/h,80 km/h,110 km/h,Yes,Yes,Yes,Yes,2026-09-28,true
MKD,North Macedonia,Europe,https://cdn.who.int/media/docs/default-source/country-profiles/road-safety/road-safety-2023-mkd.pdf?download=true,6f14c35b6ee20b890a06f27f03ae28bb6772d7c0dad909e6bf540af7fd1fa024,true,2023,120,5.7,Yes,50 km/h,90 km/h,130 km/h,Yes,Yes,Yes,Yes,2026-09-28,true
MLI,Mali,Africa,https://cdn.who.int/media/docs/default-source/country-profiles/road-safety/road-safety-2023-mli.pdf?download=true,114b36c2ba50b98a4e7412effa6e33c9c325d6f19fad923a22338b8019a0e567,true,2023,4 429,20.2,Yes,50 km/h,90 km/h,110 km/h,Yes,Yes,No,Yes,2026-09-28,true
MLT,Malta,Europe,https://cdn.who.int/media/docs/default-source/country-profiles/road-safety/road-safety-2023-mlt.pdf?download=true,de25da3eaf7d8bf38f555a159f323a2b26ac46c416757ea27e1c9b0e45f8e790,true,2023,10,1.9,Yes,50 km/h,80 km/h,,Yes,Yes,Yes,Yes,2026-09-28,true
MMR,Myanmar,South-East Asia,https://cdn.who.int/media/docs/default-source/country-profiles/road-safety/road-safety-2023-mmr.pdf?download=true,c24fbde62a49075dddf0a3db539ccc454441c4ed497de616c285d0d3e7ccacb4,true,2023,10 405,19.3,Yes,48 km/h,80 km/h,,Yes,Yes,Yes,Yes,2026-09-28,true
MNE,Montenegro,Europe,https://cdn.who.int/media/docs/default-source/country-profiles/road-safety/road-safety-2023-mne.pdf?download=true,996e9dd6390bfa555d8d8ce70810b3e304ab767180627a04b3a4bda20b2b80ae,true,2023,57,9.1,Yes,50 km/h,80 km/h,130 km/h,Yes,Yes,Yes,Yes,2026-09-28,true
MNG,Mongolia,Western Pacific,https://cdn.who.int/media/docs/default-source/country-profiles/road-safety/road-safety-2023-mng.pdf?download=true,ea38741a9a076c1a42dc0121e1fa5f012c27f1c1fd181dcc02c08705385eab72,true,2023,414,12.4,Yes,60 km/h,80 km/h,100 km/h,Yes,Yes,No,Yes,2026-09-28,true
MOZ,Mozambique,Africa,https://cdn.who.int/media/docs/default-source/country-profiles/road-safety/road-safety-2023-moz.pdf?download=true,d3eb68ad792d1e793d9f7badb5cff18fd4d2f473c3e869bd80f22fae64bace5e,true,2023,6 451,20.1,Yes,60 km/h,120 km/h,,Yes,Yes,Yes,Yes,2026-09-28,true
MRT,Mauritania,Africa,https://cdn.who.int/media/docs/default-source/country-profiles/road-safety/road-safety-2023-mrt.pdf?download=true,8c5dac589d0afa9e7c10ea64bfae50af9ddab800c6143af71925d73d966304a5,true,2023,438,9.5,Yes,60 km/h,100 km/h,100 km/h,Yes,Yes,No,Yes,2026-09-28,true
MUS,Mauritius,Africa,https://cdn.who.int/media/docs/default-source/country-profiles/road-safety/road-safety-2023-mus.pdf?download=true,c874ccc44053d773d8b7a7c66ba365c96684b09263e7643bef1b12e8c378c0f2,true,2023,126,9.7,Yes,80 km/h,60 km/h,110 km/h,Yes,Yes,No,Yes,2026-09-28,true
MWI,Malawi,Africa,https://cdn.who.int/media/docs/default-source/country-profiles/road-safety/road-safety-2023-mwi.pdf?download=true,483eacbfefc7ac69621dd8ec2edda1cdcb65ba29e337769c815b8989d7ec128d,true,2023,4 023,20.2,Yes,50 km/h,80 km/h,100 km/h,Yes,Yes,No,Yes,2026-09-28,true
MYS,Malaysia,Western Pacific,https://cdn.who.int/media/docs/default-source/country-profiles/road-safety/road-safety-2023-mys.pdf?download=true,fde4fff448e172a14e573753e0dde26b8d0f742c160bb18f513bc82d8273d5a1,true,2023,4 680,13.9,Yes,90 km/h,90 km/h,110 km/h,Yes,Yes,Yes,Yes,2026-09-28,true
NAM,Namibia,Africa,https://cdn.who.int/media/docs/default-source/country-profiles/road-safety/road-safety-2023-nam.pdf?download=true,3103569232a300661d2564d2425e7a0c4c8ffff3b8bd2b0830392ae2c2bae0d3,true,2023,557,22.0,Yes,60 km/h,120 km/h,120 km/h,Yes,Yes,No,Yes,2026-09-28,true
NER,Niger,Africa,https://cdn.who.int/media/docs/default-source/country-profiles/road-safety/road-safety-2023-ner.pdf?download=true,1f10056d736e592ed7d233e81fb93a95dff4a90423a93178fb74ce7adcffb448,true,2023,6 278,24.9,Yes,50 km/h,90 km/h,110 km/h,Yes,Yes,Yes,Yes,2026-09-28,true
NGA,Nigeria,Africa,https://cdn.who.int/media/docs/default-source/country-profiles/road-safety/road-safety-2023-nga.pdf?download=true,933d89fb511d29060534cdeaae9887f964c68d6058dcaa9acc78f51593ff64aa,true,2023,36 722,17.2,Yes,50 km/h,80 km/h,100 km/h,Yes,Yes,Yes,Yes,2026-09-28,true
NIC,Nicaragua,Americas,https://cdn.who.int/media/docs/default-source/country-profiles/road-safety/road-safety-2023-nic.pdf?download=true,f650d765b0eb729dde125c69cd1a9240ef98e0ccf6997e3d8e2af686c88629e2,true,2023,932,13.6,Yes,45 km/h,100 km/h,60 km/h,Yes,Yes,Yes,Yes,2026-09-28,true
NIU,Niue,Western Pacific,https://cdn.who.int/media/docs/default-source/country-profiles/road-safety/road-safety-2023-niu.pdf?download=true,4999471da419e99e06a9e68857f3c10f72154f687461d0e59ba9a7e243aa214d,true,2023,0,,,,,,,,,,2026-09-28,true
NLD,Netherlands (Kingdom of the),Europe,https://cdn.who.int/media/docs/default-source/country-profiles/road-safety/road-safety-2023-nld.pdf?download=true,1a1c39297c4e11e77b1809032dde17ba8f15d1e448e2bcc3890e52d4b71aae2f,true,2023,600,3.4,Yes,50 km/h,80 km/h,130 km/h,Yes,Yes,Yes,Yes,2026-09-28,true
NOR,Norway,Europe,https://cdn.who.int/media/docs/default-source/country-profiles/road-safety/road-safety-2023-nor.pdf?download=true,2f3895181a3131f18076fadbdf2206a4652e32fe8933a1db462c137f7e1b9617,true,2023,82,1.5,Yes,50 km/h,80 km/h,100 km/h,Yes,Yes,Yes,Yes,2026-09-28,true
NPL,Nepal,South-East Asia,https://cdn.who.int/media/docs/default-source/country-profiles/road-safety/road-safety-2023-npl.pdf?download=true,da4d493e76792a431ac046bc723ed86d391605ba502c0b12309bff4a88eeb0fe,true,2023,8 479,28.2,Yes,40 km/h,80 km/h,80 km/h,Yes,Yes,No,Yes,2026-09-28,true
NZL,New Zealand,Western Pacific,https://cdn.who.int/media/docs/default-source/country-profiles/road-safety/road-safety-2023-nzl.pdf?download=true,ace6c3bd8a09e38b5af8db32ca518eaf44971e5d721780e0036469bfe180cb15,true,2023,338,6.6,Yes,50 km/h,110 km/h,110 km/h,Yes,Yes,Yes,Yes,2026-09-28,true
OMN,Oman,Eastern Mediterranean,https://cdn.who.int/media/docs/default-source/country-profiles/road-safety/road-safety-2023-omn.pdf?download=true,21a8db0aea71142aa83faade3d5bd5a55ce74e2474090ad0ff39e5e3312526ed,true,2023,497,11.0,Yes,,,,Yes,Yes,Yes,Yes,2026-09-28,true
PAK,Pakistan,Eastern Mediterranean,https://cdn.who.int/media/docs/default-source/country-profiles/road-safety/road-safety-2023-pak.pdf?download=true,b8d7e9077b85b77d8f1571ffcdc1c3c89bf6b650494abe4172ed706913afaa1c,true,2023,27 568,11.9,Yes,90 km/h,110 km/h,130 km/h,Yes,Yes,No,Yes,2026-09-28,true
PAN,Panama,Americas,https://cdn.who.int/media/docs/default-source/country-profiles/road-safety/road-safety-2023-pan.pdf?download=true,0e2140f13b916e90d85ffed2ff8f6829ba53679e03d9e9bde077b5379216994d,true,2023,316,7.3,Yes,80 km/h,100 km/h,120 km/h,Yes,Yes,No,Yes,2026-09-28,true
PER,Peru,Americas,https://cdn.who.int/media/docs/default-source/country-profiles/road-safety/road-safety-2023-per.pdf?download=true,a8b9dc71995c5079c380a815bc04ce274f7ca31897f18dfb4f99b6919f7c2467,true,2023,4 284,12.7,Yes,50 km/h,60 km/h,100 km/h,Yes,Yes,Yes,Yes,2026-09-28,true
PHL,Philippines,Western Pacific,https://cdn.who.int/media/docs/default-source/country-profiles/road-safety/road-safety-2023-phl.pdf?download=true,60959e8e850cc4fc22ab0ee86d5a98c25c3df5f90d426d470e5f30427537dbc6,true,2023,11 062,9.7,Yes,40 km/h,80 km/h,,Yes,Yes,Yes,Yes,2026-09-28,true
POL,Poland,Europe,https://cdn.who.int/media/docs/default-source/country-profiles/road-safety/road-safety-2023-pol.pdf?download=true,926174455a5c8d4004766da5b0cb99fe9866ff99ecd0a43c01a882c30b30e60c,true,2023,2 474,6.5,Yes,50 km/h,90 km/h,140 km/h,Yes,Yes,Yes,Yes,2026-09-28,true
PRT,Portugal,Europe,https://cdn.who.int/media/docs/default-source/country-profiles/road-safety/road-safety-2023-prt.pdf?download=true,7be06f48752b1fb91256228b7bf4668f2f13032d4e1b038aa8e64a58bc24ae49,true,2023,736,7.2,Yes,50 km/h,90 km/h,120 km/h,Yes,Yes,Yes,Yes,2026-09-28,true
PRY,Paraguay,Americas,https://cdn.who.int/media/docs/default-source/country-profiles/road-safety/road-safety-2023-pry.pdf?download=true,8a14d20377ef9736185609d0596cd0087e44da645bddf138454c01d5867411ce,true,2023,1 405,21.0,Yes,50 km/h,110 km/h,110 km/h,Yes,Yes,Yes,Yes,2026-09-28,true
PSE,"occupied Palestinian territory, including east Jerusalem",Eastern Mediterranean,https://cdn.who.int/media/docs/default-source/country-profiles/road-safety/road-safety-2023-pse.pdf?download=true,940a8f872157b454dbe4fb8eb553b8b1a47fa0b5377b863b3fee3dc0f279c724,true,2023,239,4.7,,50 km/h,80 km/h,110 km/h,,,,,2026-09-28,true
QAT,Qatar,Eastern Mediterranean,https://cdn.who.int/media/docs/default-source/country-profiles/road-safety/road-safety-2023-qat.pdf?download=true,07167375f1fcaf8963357faafca87154141860924fb0d7f1a2b45c22ee1f7018,true,2023,197,7.3,Yes,100 km/h,120 km/h,120 km/h,Yes,Yes,No,Yes,2026-09-28,true
RUS,Russian Federation,Europe,https://cdn.who.int/media/docs/default-source/country-profiles/road-safety/road-safety-2023-rus.pdf?download=true,3c04a052ad9441ffa215d64178a2d1bd1543c052f848ab44bbc2ba58b39a2ea4,true,2023,15 335,10.6,Yes,60 km/h,90 km/h,110 km/h,Yes,Yes,Yes,Yes,2026-09-28,true
RWA,Rwanda,Africa,https://cdn.who.int/media/docs/default-source/country-profiles/road-safety/road-safety-2023-rwa.pdf?download=true,a90d8a108d77ae3e150d1f32ea9412b8ae96f2286b7354d6bc85af392aa222d8,true,2023,1 563,11.6,Yes,80 km/h,80 km/h,80 km/h,Yes,Yes,No,Yes,2026-09-28,true
SAU,Saudi Arabia,Eastern Mediterranean,https://cdn.who.int/media/docs/default-source/country-profiles/road-safety/road-safety-2023-sau.pdf?download=true,b5eca5d7579d69819dff3bed3f27cc25b9d84b46b6db6c690c70c5f857167439,true,2023,6 651,18.5,Yes,80 km/h,120 km/h,,Yes,Yes,Yes,Yes,2026-09-28,true
SDN,Sudan,Eastern Mediterranean,https://cdn.who.int/media/docs/default-source/country-profiles/road-safety/road-safety-2023-sdn.pdf?download=true,2d458ef6f0d97209a52c25e47a97aa7c78bc1369f19a84fe02ef2511a2d10a33,true,2023,8 967,19.6,Yes,50 km/h,90 km/h,,Yes,Yes,No,Yes,2026-09-28,true
SEN,Senegal,Africa,https://cdn.who.int/media/docs/default-source/country-profiles/road-safety/road-safety-2023-sen.pdf?download=true,84be3d50ecabf6dd3b94146d3a4c87efa95ba28042cadd923a2ab46b347976ea,true,2023,3 502,20.8,Yes,50 km/h N/A,90 km/h N/A,130 km/h,Yes,Yes,No,Yes,2026-09-28,true
SGP,Singapore,Western Pacific,https://cdn.who.int/media/docs/default-source/country-profiles/road-safety/road-safety-2023-sgp.pdf?download=true,94a14717fd9aa8b9568e0f22b124f8290a533b3c1636557eebe09ef3f074aed5,true,2023,110,1.9,Yes,70 km/h,,90 km/h,Yes,Yes,Yes,Yes,2026-09-28,true
SLE,Sierra Leone,Africa,https://cdn.who.int/media/docs/default-source/country-profiles/road-safety/road-safety-2023-sle.pdf?download=true,04e619ea6bb4fc160db7ebcd98909b8617b75aa21d82016609e9a4093148286b,true,2023,1 165,13.8,Yes,50 km/h,80 km/h,,Yes,Yes,Yes,Yes,2026-09-28,true
SLV,El Salvador,Americas,https://cdn.who.int/media/docs/default-source/country-profiles/road-safety/road-safety-2023-slv.pdf?download=true,a09924cdb4aa6542460789a34bf79b4747ecec66b09ef6f1f49ad534b6b6e7cb,true,2023,1 358,21.5,Yes,50 km/h,90 km/h,,Yes,Yes,Yes,Yes,2026-09-28,true
SOM,Somalia,Eastern Mediterranean,https://cdn.who.int/media/docs/default-source/country-profiles/road-safety/road-safety-2023-som.pdf?download=true,634cb5c3de126a96f404fad03d92ece7dabbba65304862cd7ac5f01ce858ded8,true,2023,3 440,20.2,Yes,40 km/h,,,Yes,No,No,No,2026-09-28,true
SRB,Serbia,Europe,https://cdn.who.int/media/docs/default-source/country-profiles/road-safety/road-safety-2023-srb.pdf?download=true,919963cee2954ff2f092bdcd4a1ddcf94f06578b536de91f4a047dadfb81a7f8,true,2023,537,7.4,Yes,50 km/h,100 km/h,120 km/h,Yes,Yes,Yes,Yes,2026-09-28,true
SSD,South Sudan,Africa,https://cdn.who.int/media/docs/default-source/country-profiles/road-safety/road-safety-2023-ssd.pdf?download=true,7026219c4c2ade7265ec0e7888faef5da7449b8b6a53f2bae99b78668571914a,true,2023,2 500,23.3,Yes,50 km/h,,,Yes,No,No,No,2026-09-28,true
STP,Sao Tome and Principe,Africa,https://cdn.who.int/media/docs/default-source/country-profiles/road-safety/road-safety-2023-stp.pdf?download=true,d90bb1e0d285322141521f3b054d2697f83454c0228cc6e4bb21bf7a619d26af,true,2023,26,11.7,Yes,50 km/h,90 km/h,120 km/h,Yes,Yes,No,Yes,2026-09-28,true
SUR,Suriname,Americas,https://cdn.who.int/media/docs/default-source/country-profiles/road-safety/road-safety-2023-sur.pdf?download=true,b70d22184223f807ce7652e8b4c1cec052af072348ce3347bef919c98d2ae300,true,2023,99,16.2,Yes,40 km/h,80 km/h,80 km/h,Yes,Yes,Yes,Yes,2026-09-28,true
SVK,Slovakia,Europe,https://cdn.who.int/media/docs/default-source/country-profiles/road-safety/road-safety-2023-svk.pdf?download=true,37f0a280f1804e6071278d8cc06089110b92a832fe62244ea85c4c3291e32d69,true,2023,346,6.4,Yes,50 km/h,90 km/h,130 km/h,Yes,Yes,Yes,Yes,2026-09-28,true
SVN,Slovenia,Europe,https://cdn.who.int/media/docs/default-source/country-profiles/road-safety/road-safety-2023-svn.pdf?download=true,849afb255dda1213932426b26adc380f7c995c09e6f14dad7301597d862909c3,true,2023,122,5.8,Yes,50 km/h,90 km/h,130 km/h,Yes,Yes,Yes,Yes,2026-09-28,true
SWE,Sweden,Europe,https://cdn.who.int/media/docs/default-source/country-profiles/road-safety/road-safety-2023-swe.pdf?download=true,f94b0c6ce2ec291c28b11a851ec26ce1d2816db6a494a80d4ab78afff1ce7880,true,2023,217,2.1,Yes,50 km/h,110 km/h,120 km/h,Yes,Yes,Yes,Yes,2026-09-28,true
SWZ,Eswatini,Africa,https://cdn.who.int/media/docs/default-source/country-profiles/road-safety/road-safety-2023-swz.pdf?download=true,8ab3e5c72eab0c9970f20a4863e98437a57bcc19a8ccdaa3c110559c789fba1a,true,2023,295,24.7,Yes,100 km/h,100 km/h,100 km/h,Yes,Yes,Yes,Yes,2026-09-28,true
SYC,Seychelles,Africa,https://cdn.who.int/media/docs/default-source/country-profiles/road-safety/road-safety-2023-syc.pdf?download=true,bd56c23ea72daf86d94961f8936f927ccbdc9bbf55b78d565b86819be729037f,true,2023,7,6.6,Yes,80 km/h,80 km/h,80 km/h,Yes,Yes,Yes,Yes,2026-09-28,true
SYR,Syrian Arab Republic,Eastern Mediterranean,https://cdn.who.int/media/docs/default-source/country-profiles/road-safety/road-safety-2023-syr.pdf?download=true,a7df111ed563d6d46030c9cb48aeea5b0143e674b2eb50381f146bdbfe9056e6,true,2023,6 383,29.9,Yes,,,,Yes,Yes,No,Yes,2026-09-28,true
TCD,Chad,Africa,https://cdn.who.int/media/docs/default-source/country-profiles/road-safety/road-safety-2023-tcd.pdf?download=true,56f07cea5933b829532c0f22b211801497466a6ab03dd61fe109a9074974ab7b,true,2023,4 533,26.4,Yes,30 km/h,90 km/h,90 km/h N/A,Yes,Yes,No,Yes,2026-09-28,true
TGO,Togo,Africa,https://cdn.who.int/media/docs/default-source/country-profiles/road-safety/road-safety-2023-tgo.pdf?download=true,c77cc5f593bc4142b4acceaa1d68583074230f4907ddda0fec1ed45640fc9954,true,2023,1 961,22.7,No,,,,Yes,Yes,No,Yes,2026-09-28,true
THA,Thailand,South-East Asia,https://cdn.who.int/media/docs/default-source/country-profiles/road-safety/road-safety-2023-tha.pdf?download=true,92ac3d2f3bfc8e264eb434a0ab15b56a6c45100cc10e496146733d5d8a378fd6,true,2023,18 218,25.4,Yes,80 km/h,90 km/h,120 km/h,Yes,Yes,Yes,Yes,2026-09-28,true
TJK,Tajikistan,Europe,https://cdn.who.int/media/docs/default-source/country-profiles/road-safety/road-safety-2023-tjk.pdf?download=true,a4fe806769a64ce649f3a62275ecf6690172f73987fff6d76a286476aafd36b4,true,2023,1 352,13.9,Yes,60 km/h,90 km/h,110 km/h,Yes,Yes,No,Yes,2026-09-28,true
TLS,Timor-Leste,South-East Asia,https://cdn.who.int/media/docs/default-source/country-profiles/road-safety/road-safety-2023-tls.pdf?download=true,6373adb4344748d41fa9f05e9d8b9d4699f1b5c13942e1aaf7d88c99ac1f3a80,true,2023,159,12.0,Yes,50 km/h,90 km/h,120 km/h,Yes,Yes,No,Yes,2026-09-28,true
TTO,Trinidad and Tobago,Americas,https://cdn.who.int/media/docs/default-source/country-profiles/road-safety/road-safety-2023-tto.pdf?download=true,0abf609321038e88de127640a0a4cc93906ddd5a6e0ea6547d7b923720302abe,true,2023,77,5.0,Yes,50 km/h,80 km/h,100 km/h N/A,Yes,Yes,Yes,Yes,2026-09-28,true
TUN,Tunisia,Eastern Mediterranean,https://cdn.who.int/media/docs/default-source/country-profiles/road-safety/road-safety-2023-tun.pdf?download=true,e39a018a48b18e548187e376ad3d3ecf45c82b5377212cc4c42e107515ecf99f,true,2023,2 004,16.3,Yes,50 km/h,90 km/h,110 km/h,Yes,Yes,No,Yes,2026-09-28,true
TUR,Türkiye,Europe,https://cdn.who.int/media/docs/default-source/country-profiles/road-safety/road-safety-2023-tur.pdf?download=true,3003b45c6ef7b831437f5e4209ceb0d6ff8a65505bfbb7c6ac319894255820dc,true,2023,5 528,6.5,Yes,50 km/h,110 km/h,120 km/h,Yes,Yes,Yes,Yes,2026-09-28,true
TZA,United Republic of Tanzania,Africa,https://cdn.who.int/media/docs/default-source/country-profiles/road-safety/road-safety-2023-tza.pdf?download=true,634b483fdd70e025b0f3e6af724c2578c08ed90fff187351dbcaf53dc9365136,true,2023,10 052,15.8,Yes,50 km/h,,,Yes,Yes,No,Yes,2026-09-28,true
UGA,Uganda,Africa,https://cdn.who.int/media/docs/default-source/country-profiles/road-safety/road-safety-2023-uga.pdf?download=true,895054536a0308367a7da334295d8bdb87615c7b5a88e0cd5d2e82e1cf27eb8e,true,2023,7 315,16.0,Yes,50 km/h,100 km/h,,Yes,Yes,No,Yes,2026-09-28,true
URY,Uruguay,Americas,https://cdn.who.int/media/docs/default-source/country-profiles/road-safety/road-safety-2023-ury.pdf?download=true,4aaef7a482fc929aaf7594a4c7ec5086afc18721db1ed2a1c80440bc993cd4a8,true,2023,447,13.0,Yes,45 km/h,90 km/h,90 km/h,Yes,Yes,Yes,Yes,2026-09-28,true
USA,United States of America,Americas,https://cdn.who.int/media/docs/default-source/country-profiles/road-safety/road-safety-2023-usa.pdf?download=true,e307dfce3a328149d77edd554d9c15cd2ed540975b837bf9db78141fc35560d9,true,2023,47 750,14.2,Yes,128 km/h,128 km/h,128 km/h,Yes,Yes,Yes,Yes,2026-09-28,true
UZB,Uzbekistan,Europe,https://cdn.who.int/media/docs/default-source/country-profiles/road-safety/road-safety-2023-uzb.pdf?download=true,8587fe167fde5b5d4f7611d967fcd7b092ba274a99cd2d21233d347469dd4226,true,2023,3 155,9.3,Yes,70 km/h,100 km/h,,Yes,Yes,No,Yes,2026-09-28,true
VEN,Venezuela (Bolivarian Republic of),Americas,https://cdn.who.int/media/docs/default-source/country-profiles/road-safety/road-safety-2023-ven.pdf?download=true,4a6f966041ce4dc3cebf86af11c76b26a4ca2e2b21d466139fecb3b7a980f0cb,true,2023,3 718,13.2,No,,,,Yes,Yes,Yes,Yes,2026-09-28,true
VGB,British Virgin Islands,Americas,https://cdn.who.int/media/docs/default-source/country-profiles/road-safety/road-safety-2023-vgb.pdf?download=true,2d94138ac51913cbe846ae5e7d24a757ed9b14b746a37a142a4c557dcb2950ed,true,2023,,,,,,,,,,,2026-09-28,true
VNM,Viet Nam,Western Pacific,https://cdn.who.int/media/docs/default-source/country-profiles/road-safety/road-safety-2023-vnm.pdf?download=true,c59fbeb25bb3a34313e62e79eba9d840f875635be8533c322db0dbca1810fc02,true,2023,17 229,17.7,Yes,60 km/h,90 km/h,120 km/h,Yes,Yes,No,Yes,2026-09-28,true
WSM,Samoa,Western Pacific,https://cdn.who.int/media/docs/default-source/country-profiles/road-safety/road-safety-2023-wsm.pdf?download=true,02d6c5e1e8c744a055459c54c62433396557e93c38cf288d46be242998c23b8e,true,2023,21,9.6,Yes,56 km/h,56 km/h,,Yes,Yes,No,Yes,2026-09-28,true
YEM,Yemen,Eastern Mediterranean,https://cdn.who.int/media/docs/default-source/country-profiles/road-safety/road-safety-2023-yem.pdf?download=true,9075850a3dc30747fc8215a108a77bbf4fe51313689090d6c4a2207c0535fd66,true,2023,9 821,29.8,No N/A,100 km/h N/A,,100 km/h N/A,Yes,Yes,No,Yes,2026-09-28,true
ZAF,South Africa,Africa,https://cdn.who.int/media/docs/default-source/country-profiles/road-safety/road-safety-2023-zaf.pdf?download=true,4c1606674dc22a5b1eb2ed379394841c8df699c43999c1197d19cbacf0c7e3bd,true,2023,14 528,24.5,Yes,60 km/h,100 km/h,120 km/h,Yes,Yes,Yes,Yes,2026-09-28,true
ZMB,Zambia,Africa,https://cdn.who.int/media/docs/default-source/country-profiles/road-safety/road-safety-2023-zmb.pdf?download=true,a47b3e070b7502c4ff07c6f9b1f7d85c414f22c577775ecaef5d1f6635e92369,true,2023,3 338,17.1,Yes,40 km/h,60 km/h,40 km/h N/A,Yes,Yes,Yes,Yes,2026-09-28,true
ZWE,Zimbabwe,Africa,https://cdn.who.int/media/docs/default-source/country-profiles/road-safety/road-safety-2023-zwe.pdf?download=true,331c6b3425d40dc12571b5e20f92159d12a57a7f15ad98729673ab6a5bb85910,true,2023,4 782,29.9,Yes,60 km/h,80 km/h,120 km/h,Yes,Yes,No,Yes,2026-09-28,true
